,Factura,Total,Calificacion,Cluster_21,Cluster_22
0,568-88-3448,26.25,5.5,0,0
1,397-25-8725,374.409,6.8,0,0
2,275-28-0149,66.8745,6.0,0,0
3,210-74-9613,408.49199999999996,6.8,0,0
4,263-12-5321,680.61,9.3,1,3
5,347-34-2234,520.4115,10.0,2,3
6,378-24-2715,112.22399999999999,4.1,0,0
7,641-62-7288,629.496,7.1,1,3
8,891-58-8335,217.6335,6.5,0,0
9,650-98-6268,65.7405,8.0,2,2
10,756-01-7507,106.995,6.0,0,0
11,433-08-7822,579.8415,7.5,1,3
12,565-80-5980,198.99599999999998,7.1,0,0
13,102-77-2261,480.0285,4.2,0,1
14,512-98-1403,83.412,4.7,0,0
15,449-27-2918,41.076,9.6,2,2
16,789-23-8625,293.643,7.2,2,2
17,182-69-8360,99.33,4.0,0,0
18,531-80-1784,191.247,5.1,0,0
19,541-48-8554,575.9775,6.0,1,1
20,824-88-3614,288.204,5.7,0,0
21,407-63-8975,465.444,4.4,0,1
22,828-61-5674,462.21,9.6,2,3
23,873-95-4984,565.215,7.7,1,3
24,544-55-9589,225.015,6.2,0,0
25,670-71-7306,281.16900000000004,5.1,0,0
26,377-79-7592,423.73800000000006,7.5,2,3
27,237-01-6122,763.4655,9.5,1,3
28,253-12-6086,723.24,8.7,1,3
29,234-03-4040,767.025,8.7,1,3
30,271-88-8734,1020.705,8.7,1,3
31,532-59-7201,503.559,5.5,1,1
32,885-56-0389,54.9675,4.0,0,0
33,692-92-5582,172.74599999999995,5.9,0,0
34,618-34-8551,195.678,8.5,2,2
35,313-66-9943,91.8225,7.3,2,2
36,307-85-2293,263.97,9.7,2,2
37,250-17-5703,197.925,5.6,0,0
38,346-12-3257,181.81799999999998,8.0,2,2
39,593-65-1552,293.202,5.9,0,0
40,394-30-3170,742.812,4.3,1,1
41,151-33-7434,71.1585,6.5,0,0
42,272-65-1806,575.316,4.7,1,1
43,434-35-9162,98.02799999999999,7.4,2,2
44,549-03-9315,796.908,8.7,1,3
45,238-49-0436,272.664,4.9,0,0
46,659-36-1684,419.832,6.5,0,0
47,765-26-6951,457.44300000000004,6.9,1,3
48,704-11-6354,494.76,8.9,2,3
49,366-43-6862,222.138,6.7,0,0
50,725-54-0677,629.16,5.3,1,1
51,427-45-9297,299.3655,5.4,0,0
52,767-97-4650,136.143,8.0,2,2
53,400-89-4171,680.148,9.3,1,3
54,596-42-3999,133.917,6.6,0,0
55,139-52-2867,165.4485,4.8,0,0
56,826-58-8051,261.198,4.3,0,0
57,129-29-8530,328.755,7.0,0,0
58,648-83-1321,667.38,4.3,1,1
59,200-16-5952,137.865,6.0,0,0
60,340-21-9136,168.21,9.7,2,2
61,704-48-3927,931.035,7.3,1,3
62,807-34-3742,54.998999999999995,5.8,0,0
63,405-31-3305,452.865,5.5,0,1
64,811-03-8790,477.54,4.8,0,1
65,560-49-6611,47.858999999999995,9.8,2,2
66,809-46-1866,244.23,8.4,2,2
67,442-48-3607,49.308,7.9,2,2
68,152-68-2907,164.43,9.5,2,2
69,804-38-3935,295.407,5.9,0,0
70,234-36-2483,362.81699999999995,5.1,0,0
71,877-22-3308,166.635,5.8,0,0
72,731-81-9469,942.9,5.4,1,1
73,399-46-5918,722.232,8.2,1,3
74,735-06-4124,51.0405,4.4,0,0
75,457-94-0464,830.3715,5.6,1,1
76,482-17-1179,37.611,8.1,2,2
77,378-07-7001,151.4835,7.8,2,2
78,382-25-8917,265.10400000000004,8.9,2,2
79,676-10-2200,56.468999999999994,4.7,0,0
80,698-98-5964,852.705,6.3,1,1
81,416-13-5917,509.4075,9.3,2,3
82,729-09-9681,163.233,8.7,2,2
83,209-61-0206,225.2775,6.1,0,0
84,617-15-4209,32.277,7.2,0,2
85,423-64-4619,146.9475,5.0,0,0
86,442-44-6497,175.0455,5.9,0,0
87,585-90-0249,76.923,9.7,2,2
88,490-29-1201,16.107,6.5,0,0
89,589-02-8023,175.917,7.0,0,0
90,137-74-8729,102.396,6.8,0,0
91,848-95-6252,90.5835,7.0,0,0
92,372-94-8041,96.13799999999999,9.8,2,2
93,898-04-2717,721.98,7.5,1,3
94,767-05-1286,527.751,5.4,1,1
95,834-25-9262,343.056,9.1,2,2
96,188-55-0967,697.935,5.0,1,1
97,305-89-2768,68.985,4.7,0,0
98,851-98-3555,435.12,6.6,1,0
99,869-11-3082,403.87199999999996,8.4,2,3
100,358-88-9262,551.124,5.1,1,1
101,374-17-3652,404.649,8.9,2,3
102,362-58-8315,401.73,9.9,2,2
103,641-43-2399,107.31,5.7,0,0
104,151-27-8496,235.74599999999998,8.6,2,2
105,110-48-7033,137.004,9.0,2,2
106,529-56-3974,107.14200000000001,6.8,0,0
107,620-02-2046,145.74,9.0,2,2
108,261-12-8671,128.016,4.9,0,0
109,704-20-4138,218.0745,8.1,2,2
110,817-48-8732,759.675,5.4,1,1
111,663-86-9076,575.736,8.5,1,3
112,695-51-0018,146.328,7.4,2,2
113,338-65-2210,720.3,9.1,1,3
114,418-02-5978,794.6505,8.0,1,3
115,742-04-5161,764.19,7.3,1,3
116,592-34-6155,133.434,6.2,0,0
117,305-14-0245,793.716,7.5,1,3
118,631-34-1880,76.5765,4.3,0,0
119,236-86-3015,14.679,9.8,2,2
120,731-59-7531,609.5880000000002,4.6,1,1
121,227-03-5010,441.756,8.5,2,3
122,546-80-2899,79.149,9.5,2,2
123,200-40-6154,415.233,5.7,0,0
124,685-64-1609,316.47,9.2,2,2
125,840-76-5966,26.796,7.8,2,2
126,191-10-6171,291.207,7.5,2,2
127,886-77-9084,603.876,5.5,1,1
128,595-27-4851,398.958,9.3,2,2
129,241-72-9525,545.055,8.2,1,3
130,347-72-6115,666.939,6.2,1,1
131,132-32-9879,394.63199999999995,9.5,2,2
132,881-41-7302,68.2395,4.5,0,0
133,354-25-5821,435.45599999999996,5.6,0,1
134,647-50-1224,308.91,8.9,2,2
135,790-29-1172,180.62099999999998,7.9,2,2
136,365-64-0515,246.4875,7.1,0,0
137,478-06-7835,94.1745,4.9,0,0
138,134-54-4720,356.32800000000015,5.7,0,0
139,418-05-0656,187.86599999999999,7.1,0,0
140,278-86-2735,164.87099999999995,9.2,2,2
141,221-25-5073,313.572,8.5,2,2
142,235-06-8510,270.018,5.1,0,0
143,687-47-8271,1039.29,8.7,1,3
144,149-71-6266,737.7615,4.5,1,1
145,416-17-9926,779.31,4.3,1,1
146,665-63-9737,165.123,7.5,2,2
147,848-24-9445,91.77,4.9,0,0
148,318-12-0304,32.1405,5.2,0,0
149,311-13-6971,335.895,9.9,2,2
150,656-16-1063,146.22299999999996,4.4,0,0
151,527-09-6272,149.3625,9.1,2,2
152,835-16-0096,77.175,8.5,2,2
153,409-33-9708,206.808,9.2,2,2
154,651-88-7328,621.243,7.7,1,3
155,291-59-1384,63.315,6.0,0,0
156,234-65-2137,1003.59,4.8,1,1
157,725-56-0833,339.36,10.0,2,2
158,181-82-6255,103.131,7.0,0,0
159,425-85-2085,288.015,9.8,2,2
160,843-01-4703,334.341,9.6,2,2
161,396-90-2219,125.664,8.6,2,2
162,426-39-2418,451.3635,9.8,2,3
163,633-91-1052,25.263,5.1,0,0
164,228-96-1411,829.08,7.6,1,3
165,238-45-6950,56.40600000000001,6.4,0,0
166,825-94-5922,53.151,7.2,0,2
167,565-67-6697,255.15,4.8,0,0
168,439-54-7422,214.998,4.7,0,0
169,131-15-8856,609.168,4.0,1,1
170,156-95-3964,232.638,8.0,2,2
171,563-91-7120,324.2925,6.7,0,0
172,655-07-2265,246.6765,5.4,0,0
173,573-58-9734,95.6655,5.1,0,0
174,635-28-5728,176.4,4.8,0,0
175,894-41-5205,362.712,8.3,2,2
176,662-47-5456,369.495,8.4,2,2
177,154-87-7367,548.184,6.3,1,1
178,301-81-8610,213.528,6.7,0,0
179,574-57-9721,90.867,5.7,0,0
180,868-06-0466,657.5310000000002,7.8,1,3
181,286-43-6208,829.71,9.2,1,3
182,787-56-0757,337.51199999999994,8.3,2,2
183,474-33-8305,495.3165,6.9,1,3
184,830-58-2383,133.35,8.6,2,2
185,778-71-5554,16.2015,6.1,0,0
186,411-77-0180,530.67,4.3,1,1
187,274-05-5470,308.574,6.0,0,0
188,256-58-3609,96.579,9.8,2,2
189,534-53-3526,397.99199999999996,7.8,2,3
190,189-08-9157,299.8485,5.9,0,0
191,586-25-0848,90.699,6.7,0,0
192,862-17-9201,529.515,7.7,1,3
193,308-47-4913,548.73,6.2,1,1
194,648-94-3045,618.975,8.1,1,3
195,544-32-5024,209.118,6.4,0,0
196,163-56-7055,51.1455,4.1,0,0
197,598-47-9715,353.094,4.4,0,0
198,732-94-0499,437.325,5.4,0,1
199,746-04-1077,888.615,9.0,1,3
200,751-69-0068,937.818,9.0,1,3
201,389-70-2397,439.215,7.2,1,3
202,886-18-2897,296.94,4.5,0,0
203,290-68-2984,99.75,5.2,0,0
204,371-85-5789,277.137,5.1,0,0
205,545-07-8534,122.47200000000001,6.0,0,0
206,764-44-8999,30.996,4.3,0,0
207,257-60-7754,210.96599999999998,9.0,2,2
208,365-16-4334,222.012,8.9,2,2
209,695-09-5146,311.1885,6.4,0,0
210,794-32-2436,116.90700000000001,6.0,0,0
211,593-08-5916,16.275,7.4,2,2
212,528-87-5606,41.45399999999999,6.5,0,0
213,842-40-8179,810.6,5.6,1,1
214,575-30-8091,609.0,9.2,2,3
215,118-62-1812,329.19599999999997,7.9,2,2
216,856-66-2701,167.895,7.5,2,2
217,652-49-6720,63.9975,5.9,0,0
218,106-35-6779,93.11399999999999,5.8,0,0
219,401-09-4232,455.1225,9.4,2,3
220,633-44-8566,362.94300000000004,7.3,2,2
221,453-63-6187,86.625,6.5,0,0
222,630-74-5166,391.41900000000004,7.4,2,2
223,588-01-7461,321.111,4.2,0,0
224,788-07-8452,178.16400000000004,9.4,2,2
225,514-37-2845,208.425,9.0,2,2
226,701-23-5550,163.002,4.9,0,0
227,556-41-6224,282.57599999999996,9.3,2,2
228,628-90-8624,867.09,5.0,1,1
229,605-03-2706,49.77,9.5,2,2
230,595-86-2894,407.316,9.4,2,2
231,885-17-6250,83.727,7.3,2,2
232,660-29-7083,586.635,5.8,1,1
233,741-73-3559,353.1675,6.9,0,0
234,539-21-7227,270.585,4.2,0,0
235,120-06-4233,192.843,9.3,2,2
236,316-01-3952,284.9175,4.6,0,0
237,871-79-8483,494.1825,4.8,0,1
238,566-19-5475,352.5795,6.2,0,0
239,563-36-9814,80.661,7.2,0,2
240,130-98-8941,472.311,5.7,1,1
241,372-62-5264,497.07,7.6,1,3
242,149-61-1929,673.995,6.7,1,1
243,400-60-7251,77.7735,9.9,2,2
244,583-72-1480,155.65200000000004,9.7,2,2
245,880-35-0356,236.88,4.8,0,0
246,468-01-2051,456.288,5.4,0,1
247,498-41-1961,350.07,7.6,2,2
248,549-59-1358,279.1845,6.0,0,0
249,288-38-3758,267.3405,7.4,2,2
250,109-28-2512,614.943,9.9,2,3
251,868-52-7573,523.3725,9.9,2,3
252,807-14-7833,182.91,7.0,0,0
253,649-29-6775,35.196,6.7,0,0
254,423-57-2993,588.357,10.0,2,3
255,131-70-8179,290.0835,4.2,0,0
256,576-31-4774,231.2415,4.0,0,0
257,142-72-4741,195.72,6.0,0,0
258,443-60-9639,63.9135,5.5,0,0
259,884-80-6021,771.435,9.5,1,3
260,805-86-0265,887.922,9.8,1,3
261,554-42-2417,1002.12,5.2,1,1
262,246-11-3901,344.4,6.2,0,0
263,430-60-3493,697.368,4.2,1,1
264,642-61-4706,196.14,5.5,0,0
265,462-67-9126,461.286,7.2,1,3
266,608-04-3797,212.688,8.7,2,2
267,339-96-8318,597.6285,6.3,1,1
268,139-32-4183,921.186,7.4,1,3
269,777-67-2495,217.2555,8.7,2,2
270,787-87-2010,233.1,6.6,0,0
271,408-66-6712,300.573,4.4,0,0
272,745-74-0715,121.863,8.8,2,2
273,477-59-2456,333.9840000000001,9.2,2,2
274,786-94-2700,507.906,9.1,2,3
275,262-47-2794,603.624,6.2,1,1
276,153-58-4872,314.538,4.2,0,0
277,540-11-4336,235.683,5.6,0,0
278,430-02-3888,289.926,7.1,0,0
279,364-33-8584,92.5575,8.5,2,2
280,364-34-2972,304.983,6.7,0,0
281,133-14-7229,132.02700000000002,5.0,0,0
282,356-44-8813,118.06200000000001,7.7,2,2
283,848-42-2560,172.011,7.8,2,2
284,632-90-0281,394.275,9.3,2,2
285,610-46-4100,212.7825,6.0,0,0
286,726-29-6793,203.112,9.8,2,2
287,587-73-4862,56.1225,7.6,2,2
288,729-46-7422,37.6845,7.9,2,2
289,727-46-3608,189.0945,4.1,0,0
290,549-84-7482,853.1460000000003,7.2,1,3
291,123-19-1176,489.048,8.4,2,3
292,848-07-1692,120.162,8.3,2,2
293,239-36-3640,285.705,6.1,0,0
294,246-55-6923,338.2155,5.1,0,0
295,605-83-1050,57.078,4.3,0,0
296,834-45-5519,180.6,7.6,2,2
297,271-77-8740,184.08599999999998,5.0,0,0
298,189-17-4241,184.107,7.7,2,2
299,305-03-2383,211.365,7.5,2,2
300,430-53-4718,633.1080000000002,8.4,1,3
301,584-86-7256,254.016,7.3,2,2
302,608-96-3517,384.468,4.8,0,0
303,727-02-1313,33.431999999999995,7.7,2,2
304,401-18-8016,103.0365,8.9,2,2
305,834-83-1826,430.71,7.6,2,3
306,252-56-2699,453.495,8.2,2,3
307,289-65-5721,170.877,6.5,0,0
308,316-66-3011,450.1035,5.0,0,1
309,448-81-5016,125.51700000000001,5.8,0,0
310,130-67-4723,305.55,9.4,2,2
311,301-11-9629,140.385,9.7,2,2
312,827-44-5872,570.78,6.1,1,1
313,726-27-2396,406.875,4.3,0,1
314,887-42-0517,611.0790000000002,6.6,1,1
315,595-11-5460,202.81799999999998,5.1,0,0
316,735-32-9839,829.08,8.5,1,3
317,575-67-1508,40.53,6.7,0,0
318,201-86-2184,193.011,9.9,2,2
319,511-54-3087,92.8725,9.5,2,2
320,667-92-0055,628.929,8.5,1,3
321,779-42-2410,181.88099999999997,7.7,2,2
322,559-61-5987,18.6375,8.6,2,2
323,851-28-6367,162.75,8.0,2,2
324,277-35-5865,935.2665,6.7,1,1
325,423-80-0988,160.44,6.5,0,0
326,151-16-1484,135.45,6.5,0,0
327,361-85-2571,469.77,7.4,1,3
328,343-87-0864,79.67399999999998,7.1,0,0
329,725-32-9708,288.582,4.1,0,0
330,497-37-6538,432.9885,9.7,2,3
331,590-83-4591,550.935,8.8,2,3
332,626-43-7888,507.444,9.6,2,3
333,538-22-0304,681.975,5.2,1,1
334,583-41-4548,122.5245,7.4,2,2
335,408-26-9866,543.753,4.1,1,1
336,832-51-6761,284.592,9.6,2,2
337,883-69-1285,104.83200000000001,7.0,0,0
338,322-02-2271,135.3555,9.3,2,2
339,484-22-8230,381.3915,4.5,0,0
340,734-91-1155,143.9865,7.7,2,2
341,247-11-2470,93.744,4.4,0,0
342,169-52-4504,49.4235,5.8,0,0
343,435-13-4908,728.112,7.2,1,3
344,849-09-3807,649.299,6.6,1,1
345,174-36-3675,208.67700000000002,5.2,0,0
346,434-83-9547,323.14799999999997,7.7,2,2
347,759-98-4285,631.1445,8.0,1,3
348,692-27-8933,365.085,5.2,0,0
349,871-39-9221,78.435,4.1,0,0
350,286-01-5402,295.6905,9.6,2,2
351,420-11-4919,374.7975,5.5,0,0
352,448-61-3783,756.168,4.5,1,1
353,242-55-6721,33.936,6.5,0,0
354,811-35-1094,317.835,8.9,2,2
355,722-13-2115,44.9925,9.3,2,2
356,373-14-0504,150.423,8.8,2,2
357,471-06-8611,55.041000000000004,6.3,0,0
358,319-74-2561,298.116,5.5,0,0
359,282-35-2475,195.951,6.3,0,0
360,471-41-2823,209.55900000000003,8.0,2,2
361,674-15-9296,194.985,5.0,0,0
362,533-33-5337,833.595,6.2,1,1
363,743-04-1105,918.7289999999999,6.0,1,1
364,749-24-1565,217.6335,7.9,2,2
365,737-88-5876,97.818,5.9,0,0
366,616-87-0016,702.2189999999997,9.6,1,3
367,420-97-3340,225.792,9.2,2,2
368,276-54-0879,410.50800000000004,6.4,0,0
369,850-41-9669,709.317,6.2,1,1
370,689-05-1884,510.615,8.8,2,3
371,189-55-2313,652.89,6.0,1,1
372,571-94-0759,783.3,9.5,1,3
373,122-61-9553,484.974,5.6,1,1
374,674-56-6360,99.9075,6.0,0,0
375,300-71-4605,451.71,4.8,0,1
376,779-06-0012,93.0405,7.7,2,2
377,895-03-6665,345.0195,4.2,0,0
378,182-88-2763,251.7165,5.0,0,0
379,468-88-0009,276.948,6.0,0,0
380,101-81-4070,131.922,4.9,0,0
381,800-09-8606,458.6925,6.6,1,1
382,354-39-5160,216.84599999999998,9.8,2,2
383,394-55-6384,663.2955,6.7,1,1
384,394-43-4238,93.2925,5.4,0,0
385,466-61-5506,571.41,5.3,1,1
386,114-35-5271,486.444,8.1,2,3
387,510-09-5628,206.43,7.2,2,2
388,616-24-2851,75.054,6.5,0,0
389,707-32-7409,401.26800000000003,4.5,0,0
390,382-03-4532,19.2465,4.3,0,0
391,345-08-4992,214.137,7.7,2,2
392,732-04-5373,195.174,7.0,0,0
393,640-49-2076,703.752,5.1,1,1
394,450-28-2866,91.56,8.1,2,2
395,272-27-9238,173.208,7.1,0,0
396,558-60-5016,314.685,7.2,2,2
397,886-54-6089,72.009,7.7,2,2
398,721-86-6247,532.7280000000002,7.4,1,3
399,760-54-1821,128.4255,5.8,0,0
400,552-44-5977,520.8,6.2,1,1
401,662-72-2873,214.935,9.9,2,2
402,700-81-1757,138.1275,8.8,2,2
403,232-16-2483,71.52600000000002,6.8,0,0
404,727-75-6477,121.12799999999999,6.4,0,0
405,878-30-2331,572.775,7.1,1,3
406,222-42-0244,681.4395,7.7,1,3
407,709-58-4068,431.445,7.3,2,3
408,612-36-5536,680.064,7.4,1,3
409,214-30-2776,181.0725,9.0,2,2
410,516-77-6464,53.34,4.1,0,0
411,598-06-7312,95.9175,6.8,0,0
412,740-22-2500,264.7575,9.8,2,2
413,394-41-0748,510.9615,9.5,2,3
414,268-20-3585,130.8825,6.0,0,0
415,195-06-0432,255.1815,9.3,2,2
416,258-92-7466,187.32,6.6,0,0
417,689-16-9784,294.651,6.0,0,0
418,359-94-5395,97.419,9.8,2,2
419,714-02-3114,207.48,7.7,2,2
420,655-85-5130,160.86,5.7,0,0
421,744-82-9138,180.873,8.2,2,2
422,280-17-4359,950.25,8.1,1,3
423,777-82-7220,253.00799999999998,7.7,2,2
424,458-10-8612,470.98800000000006,7.6,1,3
425,299-29-0180,383.523,9.3,2,2
426,867-47-1948,165.9,7.8,2,2
427,573-98-8548,33.495,9.1,2,2
428,210-30-7976,93.744,4.1,0,0
429,152-03-4217,106.596,4.3,0,0
430,218-59-9410,228.123,8.2,2,2
431,642-30-6693,343.413,7.8,2,2
432,483-71-1164,512.19,5.3,1,1
433,384-59-6655,932.337,8.4,1,3
434,706-36-6154,182.952,8.7,2,2
435,233-67-5758,42.3675,6.2,0,0
436,239-48-4278,74.4555,8.3,2,2
437,582-52-8065,513.2295,8.9,2,3
438,149-15-7606,352.67400000000015,5.1,0,0
439,220-28-1851,72.933,9.7,2,2
440,491-38-3499,58.2225,4.9,0,0
441,569-76-2760,92.44200000000001,6.6,0,0
442,420-18-8989,432.76800000000003,9.6,2,3
443,837-55-7229,49.812,6.8,0,0
444,865-41-9075,84.7455,8.1,2,2
445,587-03-7455,718.7565,4.9,1,1
446,821-07-3596,69.09,5.6,0,0
447,155-45-3814,743.82,4.7,1,1
448,192-98-7397,13.419,9.5,2,2
449,578-80-7669,78.7185,5.6,0,0
450,717-96-4189,223.58700000000002,4.1,0,0
451,859-97-6048,176.925,5.3,0,0
452,727-17-0390,333.9525,4.8,0,0
453,266-20-6657,404.54400000000004,5.2,0,0
454,226-34-0034,57.87600000000001,9.0,2,2
455,502-05-1910,205.317,6.3,0,0
456,488-25-4221,31.9305,8.4,2,2
457,862-59-8517,568.512,6.2,1,1
458,132-23-6451,110.0925,7.8,2,2
459,744-02-5987,493.79400000000004,5.8,1,1
460,489-64-4354,17.094,5.0,0,0
461,139-20-0155,423.15,7.0,1,3
462,386-27-7606,596.82,8.1,1,3
463,422-29-8786,352.2225,9.1,2,2
464,732-67-5346,72.3975,7.8,2,2
465,237-44-6163,88.704,7.6,2,2
466,489-82-1237,690.018,7.3,1,3
467,545-46-3100,33.3585,8.7,2,2
468,137-63-5492,616.98,9.0,1,3
469,603-07-0961,392.6475,4.9,0,0
470,574-22-5561,867.615,7.9,1,3
471,288-62-1085,202.335,5.6,0,0
472,866-70-2814,554.295,10.0,2,3
473,212-62-1842,367.038,9.9,2,2
474,719-76-3868,395.892,8.6,2,2
475,157-13-5295,545.37,6.5,1,1
476,420-04-7590,314.055,4.7,0,0
477,696-90-2548,81.396,6.6,0,0
478,207-73-1363,145.971,8.1,2,2
479,588-47-8641,588.42,4.4,1,1
480,345-68-9016,266.028,5.6,0,0
481,880-46-5796,807.66,5.6,1,1
482,110-05-6330,248.40900000000002,9.4,2,2
483,607-76-6216,485.5725,8.6,2,3
484,790-38-4466,57.6975,9.3,2,2
485,457-13-1708,684.915,5.2,1,1
486,554-53-8700,117.831,6.3,0,0
487,733-01-9107,521.01,7.4,1,3
488,447-15-7839,233.52,4.2,0,0
489,624-01-8356,514.605,4.2,0,1
490,891-01-7034,470.673,6.7,1,1
491,670-79-6321,695.2365,4.9,1,1
492,443-59-0061,708.225,4.2,1,1
493,173-57-2300,153.048,6.1,0,0
494,343-61-3544,280.035,8.6,2,2
495,319-50-3348,84.63,4.4,0,0
496,533-66-5566,375.3645,7.0,0,0
497,531-56-4728,252.252,5.4,0,0
498,166-19-2553,561.078,9.9,2,3
499,373-88-1424,188.0025,7.9,2,2
500,324-92-3863,43.869,9.8,2,2
501,285-68-5083,77.931,10.0,2,2
502,477-24-6490,628.173,7.9,1,3
503,781-84-8059,446.439,5.0,0,1
504,445-30-9252,80.955,6.1,0,0
505,776-68-1096,138.97799999999998,7.9,2,2
506,746-68-6593,183.03599999999997,9.7,2,2
507,802-70-5316,580.419,8.3,1,3
508,608-05-3804,41.7375,6.1,0,0
509,550-84-8664,451.0275,8.6,2,3
510,740-11-5257,259.77,7.1,0,0
511,747-58-7183,180.4005,6.5,0,0
512,537-72-0426,745.395,5.7,1,1
513,816-57-2053,127.82700000000001,8.7,2,2
514,336-78-2147,536.844,4.6,1,1
515,750-57-9686,190.59599999999998,8.7,2,2
516,510-95-6347,152.838,4.0,0,0
517,718-57-9773,517.965,9.4,2,3
518,746-94-0204,786.618,7.4,1,3
519,868-81-1752,208.08900000000003,6.8,0,0
520,441-94-7118,75.5475,7.3,2,2
521,585-11-6748,304.92,5.3,0,0
522,848-62-7243,235.2105,7.4,2,2
523,462-78-5240,55.881,4.2,0,0
524,704-10-4056,190.4805,5.6,0,0
525,213-32-1216,416.17800000000005,7.3,2,3
526,602-16-6955,804.3,6.0,1,1
527,213-72-6612,90.825,6.2,0,0
528,857-16-3520,525.231,4.5,1,1
529,232-11-3025,827.085,6.4,1,1
530,136-08-6195,587.664,6.4,1,1
531,751-41-9720,1023.75,8.0,1,3
532,146-09-5432,331.1280000000001,4.6,0,0
533,198-66-9832,151.284,9.5,2,2
534,702-72-0487,97.881,6.6,0,0
535,632-32-4574,637.7280000000002,5.5,1,1
536,431-66-2305,833.9625,7.6,1,3
537,784-21-9238,10.6785,5.9,0,0
538,287-21-9091,705.6315,9.4,1,3
539,280-35-5823,91.056,7.9,2,2
540,658-66-3967,390.9465,5.0,0,0
541,438-23-1242,557.7180000000002,8.9,2,3
542,556-97-7101,132.762,8.5,2,2
543,333-73-7901,461.32800000000003,7.6,2,3
544,468-99-7231,369.684,8.8,2,2
545,343-75-9322,99.54,4.1,0,0
546,115-99-4379,402.2655,8.5,2,3
547,638-60-7125,836.304,5.2,1,1
548,227-07-4446,820.365,4.4,1,1
549,836-82-5858,655.5465,4.0,1,1
550,241-96-5076,103.11,6.4,0,0
551,846-10-0341,312.8895,6.8,0,0
552,761-49-0439,101.64,8.6,2,2
553,449-16-6770,266.6475,5.3,0,0
554,510-79-0415,145.404,4.9,0,0
555,865-92-6136,166.1625,9.3,2,2
556,856-22-8149,26.5545,6.1,0,0
557,699-88-1972,832.944,4.2,1,1
558,263-10-3913,463.42800000000005,8.6,2,3
559,269-04-5750,310.0440000000001,6.7,0,0
560,325-90-8763,488.985,7.6,1,3
561,728-47-9078,250.278,9.8,2,2
562,279-62-1445,13.167,8.2,2,2
563,551-21-3069,218.0115,4.9,0,0
564,201-63-8275,499.7265,5.7,1,1
565,197-77-7132,769.1039999999997,6.0,1,1
566,549-96-4200,71.568,7.0,0,0
567,730-70-9830,441.69300000000004,5.2,0,1
568,665-32-9167,76.146,7.2,0,2
569,460-35-4390,96.64200000000001,9.1,2,2
570,585-03-5943,190.155,5.9,0,0
571,318-68-5053,485.037,6.1,1,1
572,436-54-4512,96.1905,9.8,2,2
573,273-16-6619,69.72,4.4,0,0
574,549-23-9016,31.226999999999997,8.9,2,2
575,664-14-2882,55.2825,5.8,0,0
576,593-95-4461,78.60300000000002,6.9,0,0
577,699-14-3026,627.6165,4.1,1,1
578,748-45-2862,118.902,8.2,2,2
579,829-49-1914,822.255,6.6,1,1
580,831-64-0259,208.6875,9.6,2,2
581,451-73-2711,89.0715,8.8,2,2
582,815-04-6282,341.0925,6.5,0,0
583,299-46-1805,590.436,4.5,1,1
584,744-09-5786,138.66299999999998,7.6,2,2
585,862-29-5914,23.499000000000002,8.6,2,2
586,730-50-9884,610.491,4.0,1,1
587,760-27-5490,131.208,9.1,2,2
588,873-14-6353,182.42700000000002,7.1,0,0
589,451-28-5717,523.971,7.3,1,3
590,380-60-5336,422.73,5.0,0,1
591,842-29-4695,125.979,7.9,2,2
592,870-72-4431,624.8969999999998,5.5,1,1
593,135-84-8019,736.4385,7.6,1,3
594,860-73-6466,82.887,5.0,0,0
595,211-05-0490,272.58,7.5,2,2
596,307-04-2070,32.150999999999996,4.1,0,0
597,720-72-2436,279.384,6.9,0,0
598,604-70-6476,94.185,6.8,0,0
599,126-54-1082,203.553,8.8,2,2
600,565-91-4567,90.3,6.2,0,0
601,360-39-5055,256.7775,6.6,0,0
602,102-06-2002,132.5625,6.1,0,0
603,743-88-1662,701.8515,8.7,1,3
604,346-84-3103,69.405,4.3,0,0
605,160-22-2687,503.7375,8.8,2,3
606,522-57-8364,431.256,7.6,2,3
607,266-76-6436,121.59,7.5,2,2
608,156-20-0370,26.7225,5.1,0,0
609,361-59-0574,760.452,6.5,1,1
610,756-49-0168,20.685,9.5,2,2
611,505-02-0892,357.588,5.6,0,0
612,503-07-0930,429.1665,8.2,2,3
613,479-26-8945,34.629,4.6,0,0
614,870-54-3162,169.3125,9.0,2,2
615,744-16-7898,1022.385,4.9,1,1
616,606-80-4905,120.645,6.8,0,0
617,711-31-1234,401.68800000000016,7.9,2,3
618,668-90-8900,688.6215,4.5,1,1
619,651-96-5970,48.7305,4.0,0,0
620,277-63-2961,77.6685,5.4,0,0
621,359-90-3665,75.936,9.5,2,2
622,730-61-8757,214.74599999999998,4.0,0,0
623,120-54-2248,151.515,8.0,2,2
624,219-22-9386,944.622,4.2,1,1
625,548-48-3156,175.014,7.6,2,2
626,342-65-4817,273.42,9.9,2,2
627,847-38-7188,304.5420000000001,6.4,0,0
628,605-72-4132,793.548,9.1,1,3
629,339-12-4827,77.658,5.0,0,0
630,857-67-9057,240.975,8.2,2,2
631,797-88-0493,269.934,7.7,2,2
632,733-33-4967,175.14,6.3,0,0
633,458-41-1477,291.438,9.5,2,2
634,541-08-3113,554.148,8.4,1,3
635,186-43-8965,100.12799999999999,4.1,0,0
636,490-95-0021,348.705,6.0,0,0
637,438-01-4015,207.858,6.6,0,0
638,760-90-2357,469.413,5.0,0,1
639,600-38-9738,377.58,4.3,0,0
640,320-49-6392,31.752,8.4,2,2
641,542-41-0513,241.458,6.6,0,0
642,873-51-0671,161.553,5.1,0,0
643,325-77-6186,951.825,7.3,1,3
644,554-53-3790,233.226,4.5,0,0
645,283-79-9594,356.5485,5.2,0,0
646,817-69-8206,942.4485,6.5,1,1
647,376-02-8238,788.508,8.3,1,3
648,470-32-9057,269.535,9.1,2,2
649,566-71-1091,404.355,5.5,0,0
650,755-12-3214,232.155,8.6,2,2
651,548-46-9322,418.95,5.9,0,0
652,882-40-4577,282.492,8.0,2,2
653,393-65-2792,939.54,9.6,1,3
654,284-34-9626,242.676,7.2,2,2
655,138-17-5109,843.0345,6.5,1,1
656,187-83-5490,87.234,4.7,0,0
657,133-77-3154,252.75599999999997,9.4,2,2
658,308-39-1707,12.6945,8.2,2,2
659,349-97-8902,121.569,8.9,2,2
660,148-41-7930,734.706,6.1,1,1
661,799-71-1548,326.4240000000001,8.8,2,2
662,808-65-0703,148.974,6.9,0,0
663,105-31-1824,510.972,8.5,2,3
664,485-30-8700,174.615,4.2,0,0
665,875-46-5808,271.95,8.7,2,2
666,316-68-6352,76.35600000000002,7.1,0,0
667,186-09-3669,85.5855,9.2,2,2
668,315-22-5665,772.38,8.0,1,3
669,640-48-5028,835.2855,6.3,1,1
670,845-94-6841,688.716,4.0,1,1
671,379-17-6588,625.905,5.3,1,1
672,676-39-6028,338.31,6.6,0,0
673,803-17-8013,745.836,4.1,1,1
674,453-12-7053,144.08100000000005,6.5,0,0
675,190-14-3147,75.47399999999998,6.4,0,0
676,875-31-8302,98.04899999999999,9.6,2,2
677,749-81-8133,397.61400000000003,6.8,0,0
678,347-56-2442,69.111,4.1,0,0
679,838-02-1821,26.733,5.2,0,0
680,406-46-7107,608.076,4.5,1,1
681,181-94-6432,145.593,9.7,2,2
682,376-56-3573,400.764,6.4,0,0
683,745-71-3520,185.36700000000002,8.2,2,2
684,597-78-7908,284.193,6.2,0,0
685,509-29-3912,365.904,4.2,0,0
686,690-01-6631,183.645,6.6,0,0
687,289-15-7034,345.786,7.5,2,2
688,525-88-7307,79.611,5.8,0,0
689,595-94-9924,145.5825,4.2,0,0
690,276-75-6884,216.4365,8.7,2,2
691,145-94-9061,463.89,9.6,2,3
692,291-21-5991,321.7725,7.0,0,0
693,409-49-6995,297.801,8.8,2,2
694,458-61-0011,253.26,5.8,0,0
695,291-32-1427,115.185,5.3,0,0
696,174-64-0215,732.27,8.9,1,3
697,144-51-6085,297.108,4.4,0,0
698,635-40-6220,752.64,6.6,1,1
699,400-80-4065,287.91,9.2,2,2
700,679-22-6530,85.302,4.1,0,0
701,211-30-9270,91.4025,4.9,0,0
702,173-82-9529,398.475,9.7,2,2
703,803-83-5989,351.099,7.0,0,0
704,242-11-3142,175.917,4.6,0,0
705,829-34-3910,749.49,5.7,1,1
706,883-17-4236,30.219,7.2,0,2
707,793-10-3222,258.678,8.3,2,2
708,500-02-2261,360.92699999999996,5.9,0,0
709,866-99-7614,936.6,4.4,1,1
710,728-88-7867,317.226,8.3,2,2
711,593-14-4239,801.8639999999997,4.7,1,1
712,176-64-7711,101.80799999999999,4.3,0,0
713,196-01-2849,539.3430000000002,9.5,2,3
714,472-15-9636,427.81199999999995,9.2,2,3
715,503-21-4385,125.7165,9.3,2,2
716,802-43-8934,19.194000000000006,8.3,2,2
717,149-14-0304,239.4,6.6,0,0
718,388-76-2555,86.24700000000001,6.3,0,0
719,627-95-3243,734.076,9.8,1,3
720,101-17-6199,336.5565,7.0,0,0
721,645-78-8093,195.59400000000002,4.1,0,0
722,497-36-0989,163.611,7.9,2,2
723,115-38-7388,85.512,9.5,2,2
724,608-27-6295,333.207,9.8,2,2
725,421-95-9805,30.408,6.2,0,0
726,339-38-9982,125.706,6.7,0,0
727,752-23-3760,470.98800000000006,7.3,1,3
728,622-20-1945,41.39100000000001,8.4,2,2
729,725-67-2480,370.125,5.9,0,0
730,437-58-8131,154.392,4.6,0,0
731,268-27-6179,474.348,7.3,1,3
732,523-38-0215,38.85,7.9,2,2
733,778-89-7974,442.32300000000004,7.4,2,3
734,351-62-0822,60.816,4.5,0,0
735,573-10-3877,40.9605,4.7,0,0
736,631-41-3108,340.5255,7.4,2,2
737,645-44-1170,548.7615,4.3,1,1
738,287-83-1405,160.209,7.0,0,0
739,518-17-2983,204.24599999999998,7.6,2,2
740,841-35-6630,478.233,8.7,2,3
741,592-46-1692,270.2595,7.4,2,2
742,372-26-1506,125.055,5.4,0,0
743,628-34-3388,172.49400000000003,7.9,2,2
744,889-04-9723,374.38800000000003,7.8,2,2
745,450-42-3339,888.405,8.8,1,3
746,556-86-3144,78.0045,5.0,0,0
747,339-18-7061,195.25799999999998,8.0,2,2
748,105-10-6182,45.108000000000004,6.6,0,0
749,702-83-5291,943.299,6.6,1,1
750,249-42-3782,367.5525,5.5,0,0
751,521-18-7827,206.7975,8.7,2,2
752,186-79-9562,527.5095,8.9,2,3
753,316-55-4634,420.2625,9.4,2,3
754,860-79-0874,1042.65,6.6,1,1
755,150-89-8043,140.6475,6.2,0,0
756,810-60-6344,343.224,6.5,0,0
757,366-93-0948,69.6675,9.7,2,2
758,410-67-1709,536.592,9.9,2,3
759,428-83-5800,66.402,7.3,2,2
760,254-31-0042,203.175,7.8,2,2
761,559-98-9873,394.3275,5.2,0,0
762,815-11-1168,523.845,5.4,1,1
763,512-91-0811,94.2375,6.6,0,0
764,329-62-1586,172.2105,8.6,2,2
765,701-69-8742,360.885,6.7,0,0
766,746-54-5508,135.576,9.4,2,2
767,318-81-2368,48.51,6.3,0,0
768,380-94-4661,276.948,6.9,0,0
769,750-67-8428,548.9715,9.1,2,3
770,355-53-5943,433.69199999999995,5.8,0,1
771,241-11-2261,586.971,5.5,1,1
772,834-61-8124,379.9215,5.5,0,0
773,125-45-2293,624.33,4.2,1,1
774,895-66-0685,56.952,8.0,2,2
775,296-11-7041,28.4235,5.3,0,0
776,528-14-9470,95.865,9.2,2,2
777,283-26-5248,1034.46,4.5,1,1
778,174-75-0888,203.93099999999998,7.3,2,2
779,243-55-8457,781.62,5.1,1,1
780,838-78-4295,70.28699999999999,6.7,0,0
781,239-10-7476,491.085,8.0,2,3
782,355-34-6244,152.019,8.1,2,2
783,189-40-5216,708.3195,6.0,1,1
784,109-86-4363,441.588,4.5,0,1
785,636-48-8204,181.44,9.9,2,2
786,440-59-5691,273.0525,7.7,2,2
787,308-81-0538,306.81,4.9,0,0
788,162-48-8011,234.0975,8.5,2,2
789,751-15-6198,144.963,7.9,2,2
790,729-06-2010,760.4415,9.2,1,3
791,784-08-0310,88.368,7.6,2,2
792,210-67-5886,309.3615,7.8,2,2
793,695-28-6250,226.065,7.7,2,2
794,760-53-9233,130.032,8.5,2,2
795,562-12-5430,277.6725,7.9,2,2
796,827-77-7633,926.9505,9.3,1,3
797,263-87-5680,299.565,7.8,2,2
798,504-35-8843,44.5935,5.7,0,0
799,809-69-9497,479.64,5.7,1,1
800,413-20-6708,54.0435,8.5,2,2
801,821-14-9046,110.124,6.1,0,0
802,677-11-0152,881.307,8.8,1,3
803,843-73-4724,77.805,9.2,2,2
804,892-05-6689,148.68,6.2,0,0
805,766-85-7061,922.635,5.1,1,1
806,556-72-8512,24.108,4.3,0,0
807,227-78-1148,535.374,8.4,2,3
808,268-03-6164,100.9155,7.8,2,2
809,459-50-7686,147.798,6.4,0,0
810,864-24-7918,257.145,8.1,2,2
811,563-47-4072,351.603,9.9,2,2
812,643-38-7867,102.837,6.9,0,0
813,746-19-0921,22.659000000000002,7.2,0,2
814,135-13-8269,165.648,9.1,2,2
815,134-75-2619,142.002,6.9,0,0
816,226-31-3081,80.22,9.6,2,2
817,636-17-0325,262.79400000000004,9.5,2,2
818,448-34-8700,271.2885,6.7,0,0
819,273-84-2164,63.2625,5.5,0,0
820,699-01-4164,174.3,8.2,2,2
821,389-25-3394,62.0025,9.4,2,2
822,191-29-0321,207.585,5.0,0,0
823,175-54-2529,186.22799999999998,9.6,2,2
824,225-32-0908,471.03,8.2,2,3
825,457-12-0244,221.886,6.5,0,0
826,501-61-1753,397.845,9.8,2,2
827,148-82-2527,127.26,8.4,2,2
828,123-35-4896,440.93699999999995,5.3,0,1
829,870-76-1733,74.7075,4.4,0,0
830,840-19-2096,461.5275,4.4,0,1
831,189-98-2939,742.2975,7.2,1,3
832,607-65-2441,860.475,6.0,1,1
833,414-12-7047,166.236,8.7,2,2
834,256-08-8343,237.426,5.5,0,0
835,390-80-5128,20.1075,9.5,2,2
836,470-31-3286,46.683,8.7,2,2
837,574-80-1489,263.97,8.7,2,2
838,534-01-4457,514.773,8.0,1,3
839,565-17-3836,200.21400000000003,9.1,2,2
840,770-42-8960,177.408,6.3,0,0
841,269-10-8440,390.7995,8.9,2,2
842,321-49-7382,92.7255,5.2,0,0
843,210-57-1719,550.368,9.7,2,3
844,577-34-7579,477.1305,5.4,1,1
845,853-23-2453,318.108,7.6,2,2
846,788-21-5741,142.947,7.2,0,2
847,443-82-0585,326.256,8.4,2,2
848,759-29-9521,462.67199999999997,8.0,2,3
849,152-08-9985,608.202,8.6,1,3
850,794-42-3736,69.993,6.4,0,0
851,198-84-7132,383.7645,7.0,0,0
852,634-97-8956,103.635,9.1,2,2
853,325-89-4209,92.295,6.7,0,0
854,286-75-7818,145.06799999999996,6.9,0,0
855,217-58-1179,263.13,4.2,0,0
856,629-42-4133,183.12,8.3,2,2
857,258-69-7810,193.4625,9.2,2,2
858,233-34-0817,103.78200000000001,8.4,2,2
859,687-15-1097,44.352,9.7,2,2
860,633-09-3463,150.0975,9.5,2,2
861,250-81-7186,104.6745,8.0,2,2
862,669-54-1719,119.259,8.1,2,2
863,320-32-8842,23.750999999999998,6.4,0,0
864,373-09-4567,814.38,6.9,1,1
865,525-09-8450,757.365,4.2,1,1
866,214-17-6927,103.824,9.9,2,2
867,686-41-0932,72.87,8.2,2,2
868,585-86-8361,143.22,8.6,2,2
869,189-52-0236,731.6925,7.6,1,3
870,641-51-2661,914.55,9.9,1,3
871,499-27-7781,446.964,5.0,0,1
872,574-31-8277,35.3115,5.6,0,0
873,827-26-2100,319.788,8.8,2,2
874,320-85-2052,36.5505,7.0,0,0
875,725-96-3778,749.7,4.7,1,1
876,530-90-9855,399.756,5.7,0,0
877,307-83-9164,252.042,4.5,0,0
878,888-02-0338,247.8735,5.9,0,0
879,399-69-4630,139.923,8.6,2,2
880,279-74-2924,75.7785,6.1,0,0
881,374-38-5555,334.4775,8.5,2,2
882,731-14-2199,373.17,7.0,0,0
883,324-41-6833,253.68,5.1,0,0
884,783-09-1637,354.0075,6.3,0,0
885,831-07-6050,171.7275,9.9,2,2
886,558-80-4082,204.6975,6.0,0,0
887,127-47-6963,217.18200000000002,9.8,2,2
888,845-51-0542,439.8975,6.4,1,1
889,795-49-7276,156.03,8.3,2,2
890,716-39-1409,223.0725,8.0,2,2
891,642-32-2990,115.08,6.0,0,0
892,227-50-3718,76.755,4.4,0,0
893,452-04-8808,640.038,5.5,1,1
894,284-54-4231,84.9765,9.0,2,2
895,225-98-1496,85.113,7.1,0,0
896,852-62-7105,874.125,4.4,1,1
897,859-71-0933,32.529,6.3,0,0
898,446-47-6729,209.622,6.7,0,0
899,733-29-1227,408.7335,8.5,2,3
